Target_Location,Name,Cuisine,Rating,Cost_for_Two
Mathura,Pizza Hut,"Pizza, Fast Food, Desserts, Beverages",4.0,600.0
Mathura,The Foodies Bar,"Fast Food, Momos, Burger, Desserts, Coffee, Shake, Beverages",4.4,1000.0
Mathura,The Belgian Waffle Co.,"Waffle, Pancake, Ice Cream, Desserts, Beverages",4.0,200.0
Mathura,Brijwasi Centrum,"Chinese, Continental, Desserts, Drinks Only, Fast Food, Gujarati, Ice Cream",4.2,1000.0
Mathura,Centre Point,"South Indian, North Indian, Chinese",4.9,250.0
Mathura,The Trunk Bar & Restaurant,"North Indian, Mughlai, Biryani, Kebab, Asian, Thai, Chinese, Beverages",3.9,1000.0
Mathura,Tomar Guest House,"North Indian, Chinese",4.0,300.0
Mathura,Haldiram's,"North Indian, Mithai, Street Food, South Indian, Chinese, Beverages",3.0,400.0
Mathura,Da Pizza Point,"Pizza, Burger, Fast Food, Street Food",3.7,300.0
Mathura,McDonald's,"Cafe, Beverages, Burger, Fast Food, Coffee",3.2,500.0
Mathura,Cha Maska,"Cafe, Coffee, North Indian, Chinese, Pizza, Fast Food, Desserts, Tea",4.0,1000.0
Mathura,Pine & Dine Rooftop Cafe,"Burger, Momos, Fast Food, North Indian, Shake, Beverages",4.0,500.0
Mathura,Gola Patties & Tea Stall,"Fast Food, Bakery, Desserts",4.1,200.0
Mathura,Hot Bite Fresh And Tasty Food,"Fast Food, Chinese, Street Food",3.4,200.0
Mathura,The Burger Hub,"Pizza, Fast Food, Street Food",3.8,350.0
Mathura,Pizza Paradise,"Fast Food, Chinese, Street Food",3.8,300.0
Mathura,Agrawal Restaurant (Since 1969),"North Indian, Fast Food",3.9,300.0
Mathura,Mittal Foods,"North Indian, Chinese",3.9,350.0
Mathura,Bhole Brijwasi Bhojnalay,"North Indian, Chinese",3.0,300.0
Mathura,The Pizza Hub,"Fast Food, Pizza, Burger, Sandwich, Beverages, Street Food, South Indian",4.0,300.0
Mathura,Shankar Mithai Wala,"Mithai, North Indian, Beverages",4.6,350.0
Mathura,Burger King,"Burger, Fast Food, Beverages",3.8,350.0
Mathura,Maa Gaura Restaurant,"North Indian, Chinese, Street Food",4.0,450.0
Mathura,Domino's Pizza,"Pizza, Italian, Pasta, Fast Food, Desserts",2.4,400.0
Mathura,Sanskar Foods,"Fast Food, North Indian, Beverages",4.0,300.0
Mathura,KFC,"Burger, Fast Food, Rolls",3.6,500.0
Mathura,Hotel Brijwasi Royal,"South Indian, Sandwich, North Indian, Chinese, Beverages",3.6,1000.0
Mathura,Dosa Plaza - Hotel Divinity,"South Indian, North Indian, Chinese",4.0,550.0
Mathura,New Pizza Point Restaurant,"Pizza, Burger, Street Food, Fast Food",4.0,300.0
Mathura,Gokul Hotel & Family Restaurant,"North Indian, Beverages",4.0,200.0
Mathura,Rudr Shiva By Mama Yadav,"North Indian, Chinese",3.6,1000.0
Mathura,Prince Restaurant,"Fast Food, North Indian, Charcoal Chicken, Biryani",4.6,1000.0
Mathura,Rahul Bakers,"Bakery, North Indian",3.9,450.0
Mathura,Shri Giriraj Ji Parathe Wale,"North Indian, Chinese",4.0,250.0
Mathura,Shyambhog Family Restaurant,"North Indian, Chinese, Fast Food",4.0,400.0
Mathura,Vijay Store & Confectioners,"North Indian, Chinese",4.0,200.0
Mathura,The Elyra Cafe & Restaurant,"North Indian, South Indian, Chinese, Pizza, Fast Food, Desserts, Shake, Beverages",4.0,1000.0
Mathura,Lazeej,"Fast Food, North Indian, Street Food, Juices",4.0,200.0
Mathura,Vip Pizza,"Street Food, Fast Food, Pizza, Shake, Beverages",4.0,300.0
Mathura,Majeed Restaurant,"Biryani, Mughlai, Afghan",3.7,200.0
Mathura,Standard Cake Bank,"Pizza, Fast Food, Burger",3.8,200.0
Mathura,OM Sweet Center,"Mithai, Street Food",4.8,250.0
Mathura,Shri Giriraj Subhadra Bhojnalaya,"Fast Food, Shake, Beverages",4.0,200.0
Mathura,Burger Monk,"Burger, Pizza, Sandwich, Wraps, Fast Food, Shake, Beverages",4.1,450.0
Mathura,Hotel Heera Kunj Residency,"North Indian, Chinese, South Indian",3.9,300.0
Mathura,Coco Chocolate Company,"Desserts, Beverages, Fast Food",3.1,300.0
Mathura,Pastas By Pizza Hut,"Pasta, Italian",4.0,200.0
Mathura,Foodies Vampire,"Pizza, Burger, Sandwich, Fast Food, Street Food, Tea, Shake, Beverages",4.0,400.0
Mathura,Burger Point,"Burger, Fast Food",3.7,300.0
Mathura,Basera Restaurant,"North Indian, Fast Food",3.9,300.0
Mathura,Rhea's Cafe,"South Indian, Street Food, Beverages",3.8,200.0
Mathura,Madhav Muskan Residency,"North Indian, Fast Food, Shake",3.9,300.0
Mathura,SAM bakers,"Fast Food, Bakery",4.0,200.0
Mathura,Tasty Fresh,"North Indian, Pizza, Burger, Chinese, Fast Food",4.0,300.0
Mathura,Kanhaiya Bhojnalay,"North Indian, Chinese",3.2,300.0
Mathura,La Pino'z Pizza,"North Indian, Chinese",3.7,300.0
Mathura,Pizza And Pizza,"Fast Food, Pizza, Pasta, Burger, Rolls, Momos, Beverages, Shake",2.6,300.0
Mathura,Aryavilas,"North Indian, Chinese, Fast Food, Beverages",4.0,1000.0
Mathura,DND Cafe & Restro,"Fast Food, Pasta, Pizza, Chinese, Shake, Beverages",3.3,300.0
Mathura,Oven 180,"North Indian, Chinese",3.4,100.0
Mathura,Shankar Foods,"Chinese, North Indian, South Indian",4.1,400.0
Mathura,TAF The Annapurna Foods,"North Indian, Chinese, Street Food, Beverages",4.0,450.0
Mathura,Brijwasi Krishna Nagar,"North Indian, South Indian, Fast Food",4.0,200.0
Mathura,Anita Bakers,"Bakery, Desserts, Burger, Pizza, Street Food",4.0,300.0
Mathura,Fox Fire,"North Indian, Chinese, Pizza, Sandwich, Fast Food, Desserts, Shake, Beverages",3.4,400.0
Mathura,Raman Misthan Bhandar,"Mithai, Desserts",4.0,200.0
Mathura,Taj Hotel,"North Indian, Chinese",4.0,400.0
Mathura,Basera Khel Gaon,"North Indian, Chinese",4.0,200.0
Mathura,Kanhiya Bhojnalya,"North Indian, Chinese",4.0,300.0
Mathura,MADHAVAM,"North Indian, South Indian, Chinese, Fast Food, Street Food, Beverages",3.4,250.0
Mathura,Fat Tiger Multicuisine Restaurant,"North Indian, Chinese",4.0,350.0
Mathura,Punjabi Rasoi Chicken Corner - NH 2,"Mughlai, North Indian",3.2,300.0
Mathura,Hashim Chicken Biryani Wale,"North Indian, Chinese",3.1,200.0
Mathura,Kerala Coffee House,"South Indian, Fast Food, North Indian",3.9,200.0
Mathura,Burger Budds,"Burger, Sandwich, Pizza, Wraps, Fast Food, Shake, Beverages",4.2,400.0
Mathura,Gola Paties & Confectionery,"North Indian, Chinese",3.6,250.0
Mathura,Winni Cakes & More,"Bakery, Desserts, Pizza, Sandwich, Wraps, Pasta, Waffle, Beverages",3.4,500.0
Mathura,Y & Y Veg Grill,"North Indian, Chinese, Momos, Fast Food",3.3,300.0
Mathura,Radhika Sweets,"Mithai, Fast Food",3.6,200.0
Mathura,Thaliwala,"North Indian, Sandwich",4.0,350.0
Mathura,Chakhna,"Street Food, Momos, Fast Food",4.1,250.0
Mathura,Moti Mahal Delux,"Mughlai, North Indian, Continental, Chinese, Biryani",3.9,600.0
Mathura,Hotel Abhinandan,"North Indian, Mughlai",3.9,400.0
Mathura,Taj Hotel,"North Indian, Biryani",4.0,200.0
Mathura,Shankar N Modi Bakers Zone,"Bakery, Chinese, Continental, Burger, Sandwich, Fast Food, Shake",4.2,400.0
Mathura,BMAC By Kasey,"Cafe, Fast Food, Bakery, Desserts, Beverages",3.5,500.0
Mathura,Kcr Sainik Restaurant,"North Indian, South Indian",3.9,250.0
Mathura,MunchBox,"Chinese, North Indian",3.9,300.0
Mathura,Rahul Petiz Corner,"North Indian, Chinese",2.9,150.0
Mathura,Hotel Sheetal Regency,"North Indian, Chinese, Beverages, Desserts",3.7,1000.0
Mathura,Punjabi Rasoi Since 2001,"North Indian, Chinese",3.9,300.0
Mathura,Pizza House,"Burger, Sandwich, Fast Food, Street Food, Pizza",3.7,350.0
Mathura,New Punjabi Rasoi Chicken Corner,"Charcoal Chicken, North Indian, Mughlai",4.0,400.0
Mathura,Manhar Family Bhojnalaya,"North Indian, Chinese",3.9,650.0
Mathura,Golden Spoon Cafe,"Pizza, Momos, Fast Food, Pasta, Chinese, Street Food, Shake, Beverages",4.0,450.0
Mathura,Hotel Guru Kripa Grand,"North Indian, Burger, Chinese, Fast Food, Desserts, Beverages",4.0,1000.0
Mathura,Mayur Cafe,"Cafe, Coffee, Pizza, Pasta, Fast Food, Sandwich, Desserts, Beverages",3.9,600.0
Mathura,United Canteen,"South Indian, North Indian, Beverages, Chinese, Street Food, Desserts",3.7,350.0
Mathura,The Pizzeria Hub,"Pizza, Fast Food, Chinese, Beverages",3.6,500.0
Mathura,The Taj Family Restaurant,"North Indian, Mughlai",4.0,600.0
Mathura,Jai Shree Restaurant,"North Indian, Chinese",3.9,250.0
Mathura,Cafe BLU,"Burger, Fast Food, Beverages, Cafe",4.3,250.0
Mathura,Craving King,"North Indian, South Indian, Chinese, Fast Food, Momos, Beverages, Continental, Desserts",4.1,750.0
Mathura,Aahar Family Restaurant,"North Indian, Chinese, Street Food, Beverages",4.0,400.0
Mathura,Barista Coffee,"Cafe, Coffee, Beverages, Fast Food",3.2,500.0
Mathura,Titu Gola Veg Biryani,"North Indian, Street Food, Chinese, Biryani",3.9,200.0
Mathura,The Hideout Cafe,"North Indian, South Indian, Pizza, Fast Food, Momos, Street Food, Chinese, Shake",3.4,350.0
Mathura,Urban Sky - Rooftop Cafe & Bar,"Mediterranean, Thai, Mexican, Chinese, Italian, Beverages",2.9,600.0
Mathura,Punjabi Tadka,"North Indian, Mughlai",3.9,500.0
Mathura,October Shakes & Snacks,"Burger, Pizza, Fast Food, Sandwich, Wraps, Shake, Tea, Beverages",3.8,400.0
Mathura,Brijwasi Bakers,"Bakery, Fast Food",3.9,300.0
Mathura,Retro Cafe,"Momos, Chinese, Wraps, Sandwich, Fast Food, Street Food",3.8,400.0
Mathura,Vijay Food - Veg & Non Veg,"North Indian, Kebab, Chinese",4.0,1000.0
Mathura,Chatkara Fast Food,"North Indian, Chinese",3.5,250.0
Mathura,Goyal Cakes And Baker,"North Indian, Chinese",3.6,150.0
Mathura,Le Chaska Chaat,"South Indian, Street Food, Chinese, Maharashtrian, North Indian",4.0,300.0
Mathura,Majestic's Pizza Pro,"Pizza, Burger, Fast Food",3.3,600.0
Mathura,Dawat Restaurant,"North Indian, Chinese, Street Food, Beverages",2.8,450.0
Mathura,The Khandooz Cafe,"Chinese, Fast Food, Beverages, Shake, Burger, Momos",4.0,350.0
Mathura,SI & Sa Food Cafe,"Chinese, Momos, Shake",3.8,200.0
Mathura,Chill 'n' Grill,"Fast Food, Pizza, Burger, Momos, Street Food, Beverages",3.9,250.0
Mathura,Uptowns Mumbai Cafe,"South Indian, Street Food, Chinese, Momos, Shake, Beverages",3.3,400.0
Mathura,Bansal Foods,"North Indian, Chinese",3.9,250.0
Mathura,Ice Spice,"Beverages, Chinese, Shake, North Indian, South Indian",3.9,300.0
Mathura,Savage Cafe And Bakery,"Chinese, Sandwich, Burger, Pizza, Pasta, Beverages",3.4,300.0
Mathura,Hotel Taj,"North Indian, Mughlai, Biryani",4.0,800.0
Mathura,Two21 Cafe,"Cafe, Burger, Chinese, Coffee, Desserts, French, Shake",4.4,500.0
Mathura,Anandvan,"North Indian, Fast Food",3.7,700.0
Mathura,Cozy Cafe,"Fast Food, Beverages",3.9,350.0
Mathura,Punjabi Restaurant,"North Indian, Chinese",3.8,200.0
Mathura,Raghunath Das Prabhudayal Mithai wale,"Mithai, Fast Food, Beverages",3.9,150.0
Mathura,1 More Slice Pizza,"Pizza, Burger, Fast Food, Beverages",3.7,300.0
Mathura,Brij Bites,"North Indian, South Indian",3.9,150.0
Mathura,Charu Confectionery,"Fast Food, Bakery",3.9,200.0
Mathura,Planet of kids,"Fast Food, Street Food, Tea, Coffee, Desserts, Ice Cream",4.0,450.0
Mathura,Zoca Cafe & Family Restaurant,"North Indian, Italian, Oriental, Chinese, Fast Food, Pizza, Sandwich, Salad",4.0,1000.0
Mathura,Amritsari Rasoi,"North Indian, Chinese",3.4,100.0
Mathura,New Aahar Restaurant,"North Indian, Chinese",3.5,250.0
Mathura,Chai Sutta Bar,"Fast Food, Sandwich, Beverages, Tea",3.9,300.0
Mathura,The Midnight Cafe And Restaurant,"Sandwich, Wraps, Pasta, Pizza, Chinese, Street Food, Shake, Beverages",4.0,300.0
Mathura,Muskan Guest House,"South Indian, North Indian, Fast Food, Chinese",4.0,250.0
Mathura,Momomia - Love In Every Bite,"Chinese, Fast Food, Shake, Beverages, Street Food, Momos",3.0,250.0
Mathura,Tulsi Restaurent,"North Indian, Chettinad, Fast Food",3.4,300.0
Mathura,Cyber Cafe Restaurant,"North Indian, South Indian",3.5,100.0
Mathura,Big Bills Foods,"North Indian, Fast Food, Pizza, Bakery, Beverages, Continental",3.8,300.0
Mathura,Wah Mathura,"North Indian, Chinese",3.8,300.0
Mathura,The Food Garage,"Continental, Pizza, American, Fast Food",3.9,250.0
Mathura,Rolls Mania & Tea Point,"Rolls, Tea, Street Food",3.3,100.0
Mathura,The Mathura Cafe,"Pizza, Burger, Sandwich, Wraps, Maharashtrian",3.9,150.0
Mathura,Junoon Pizza,"Pizza, Beverages",3.3,500.0
Mathura,Wah JI Wah Restaurant,"Chinese, North Indian",3.2,350.0
Mathura,Aman Chicken And Fish Fry Restaurant,"North Indian, Mughlai",2.7,350.0
Mathura,Galaxy Cafe & Restro,"North Indian, Chinese, Pizza, Sandwich, Momos, Fast Food, Shake, Beverages",4.0,400.0
Mathura,Cafe GF,"Fast Food, Burger, Sandwich",3.9,250.0
Mathura,Mala Guest House And Restaurant,"North Indian, Street Food, Coffee, Desserts",3.9,300.0
Mathura,The Foodies Hut,"Fast Food, Pizza, Street Food, Chinese, Sandwich",3.9,350.0
Mathura,Busy Beans Cafe,"Rolls, Pizza, Sandwich, Pasta, Fast Food, Coffee, Shake, Beverages",3.8,400.0
Mathura,Funduz Cafe,"American, Cafe",3.7,300.0
Mathura,Hotel Aatithya Palace,"North Indian, Chinese, Street Food",3.9,350.0
Mathura,Shri Krishna Foods,"South Indian, North Indian, Fast Food, Chinese",3.6,300.0
Mathura,Date Soul Mate Cafe,"Fast Food, Beverages",3.3,300.0
Mathura,@4 PM,"Chinese, North Indian, Rolls, Momos, Pasta, Burger, Fast Food, Beverages",3.9,350.0
Mathura,Hariom Ji Chamcham Wale,"Mithai, Fast Food",3.8,250.0
Mathura,Bulaki Chai Wale,"North Indian, Chinese",3.9,100.0
Mathura,Khao Piyo Jiyo,"Chinese, North Indian",3.6,200.0
Mathura,Loft Cafe & Restaurant,"Pizza, North Indian, Fast Food, Burger, Sandwich, Beverages, Shake, Salad",3.9,400.0
Mathura,Zaika -The Mansion,"Chinese, Cafe, Continental, North Indian, Italian, South Indian",3.4,1000.0
Mathura,Gup Shup Cafe And Foods,"Fast Food, North Indian",3.9,450.0
Mathura,Rock N Roll Foods,"Chinese, North Indian, South Indian, Momos, Street Food, Beverages",3.7,400.0
Mathura,The Pizza Empire,"North Indian, Chinese",3.1,400.0
Mathura,Nikhil Family Restaurant,"North Indian, Chinese",3.8,100.0
Mathura,Mohit Cafe,"Sandwich, Chinese, Burger, Pizza",3.3,200.0
Mathura,7 Minutes,"Beverages, Juices, Fast Food",3.4,350.0
Mathura,Pizza Olive,"Pizza, Fast Food",3.9,300.0
Mathura,The Biryani Wala,"Biryani, Salad, Street Food",4.0,150.0
Mathura,Bhole Misthan Bhandar,"Mithai, Fast Food",3.4,300.0
Mathura,Zoomeno'd Pizza,"Pizza, Burger, Fast Food",4.0,300.0
Mathura,Marvello Shake,"Beverages, Ice Cream, Shake",3.6,300.0
Mathura,Hugs & Bite,"Fast Food, Coffee, Chinese, Street Food, Ice Cream, Desserts, Beverages",4.0,600.0
Mathura,Food Hut Restaurant,"North Indian, Fast Food, Chinese",3.4,250.0
Mathura,Rohit Confectionery,"Fast Food, Bakery, Desserts",3.2,200.0
Mathura,Hotel Galaxy,"South Indian, North Indian, Chinese, Shake",3.2,400.0
Mathura,Gola Confectionary,"North Indian, Chinese",3.3,150.0
Mathura,Directors Lounge,"Tea, Street Food, Fast Food, Burger, Sandwich, Chinese, North Indian, Beverages",3.4,150.0
Mathura,Sainik Family Restaurant,"Chinese, North Indian, Street Food, Beverages",4.0,400.0
Mathura,The Gravy Talk,"North Indian, Chinese, Sandwich",3.5,500.0
Mathura,Ponia Sweets And Restaurant,"Mithai, Chinese, Fast Food, Ice Cream, Beverages",4.0,400.0
Mathura,Yadav Family Dhaba,"North Indian, Beverages",4.0,350.0
Mathura,One Bite,"Burger, Pizza, Fast Food, Desserts, Beverages",4.0,250.0
Mathura,Momos Hub,"Momos, Rolls, Street Food",4.0,250.0
Mathura,"Gianis - Ice Cream, Shakes & Sundaes","North Indian, Chinese",4.0,250.0
Mathura,Cake Hut,"Bakery, Desserts, Chinese",4.0,200.0
Mathura,Bhookha Sand,"Fast Food, Beverages",4.0,200.0
Mathura,MBA Chaiwala,"Tea, Fast Food, Burger, Sandwich, Pizza, Street Food, Shake, Beverages",4.0,300.0
Mathura,Chaichowk,"Chinese, Continental, Sandwich, North Indian, Pizza, Momos, Desserts, South Indian",2.7,350.0
Mathura,Rajput Food,"North Indian, Chinese",2.8,100.0
Mathura,Gagga Chicken Darbar,"Mughlai, Biryani, North Indian",4.0,150.0
Mathura,BK Cafe By Burger King,"Cafe, Fast Food, Beverages",4.0,500.0
Mathura,Brijwasi Chole Kulche Vala,"North Indian, Chinese",4.0,150.0
Mathura,The Burger Company,"Burger, Fast Food, Pizza, Momos, Beverages, Sandwich",4.0,300.0
Mathura,Taj Hotel,"North Indian, Mughlai, Seafood",4.0,450.0
Mathura,Oma Pehalwan Kachori Wale,"Street Food, Desserts",4.0,100.0
Mathura,Maa Ki Rasoi Veg Restaurant,"North Indian, Fast Food, Chinese, Street Food, Shake",4.0,600.0
Mathura,Khana Khazana Family Restaurant,"North Indian, Chinese",4.0,300.0
Mathura,Barista,"North Indian, Chinese",4.0,200.0
Mathura,Chaudhary Family Dhaba,"North Indian, Chinese",4.0,350.0
Mathura,The Down Town Cafe And Restaurant,"Burger, Sandwich, Fast Food, Street Food, Pizza, Pasta, Shake",4.0,250.0
Mathura,Veer Chaap Express,"North Indian, Rolls",4.0,400.0
Mathura,Braj Bakes & Cakes,"Bakery, Fast Food",4.0,400.0
Mathura,NANDA’S CHHOLE BHATURE,"North Indian, Chinese",4.0,300.0
Mathura,Shri Ji Family Restaurant,"North Indian, Chinese, Pizza, Beverages",4.0,1000.0
Mathura,Pappu The Dhaba,"North Indian, Chinese",4.0,300.0
Mathura,Oven 360 Degree,"Pizza, Fast Food, Beverages",4.0,350.0
Mathura,Bansal Bakers,"Bakery, Fast Food",4.0,250.0
Mathura,Babarchi By Heera,"North Indian, Chinese",4.0,1000.0
Mathura,Chaat Chaupal,"Momos, Burger, Pizza, Fast Food, Shake",4.0,250.0
Mathura,Yadav Dal Wati Wala,"Street Food, Rajasthani",4.0,250.0
Mathura,Bacchu Dhaba,"North Indian, Chinese",4.0,250.0
Mathura,The Vibe Cafe & Restaurant,"Pizza, Sandwich, Wraps, Fast Food, North Indian, Chinese, Shake, Beverages",4.0,350.0
Mathura,Bhawna Restaurant,"North Indian, Chinese",4.0,250.0
Mathura,Food Court,"North Indian, Chinese",4.0,200.0
Mathura,Gokul Hotel And Family Restaurant,"North Indian, Chinese",4.0,200.0
Mathura,Moon Light Cafe,"Burger, Pizza, Street Food, Fast Food, Chinese, Shake",4.0,300.0
Mathura,Do Bhai Pizza Wale,"North Indian, Chinese",4.0,250.0
Mathura,The Hangout Cafe,"North Indian, Chinese, Fast Food, Pizza, Beverages",4.0,500.0
Mathura,Agrawal Family Dhaba,"North Indian, Chinese",4.0,400.0
Mathura,Heera Crystal Inn,"North Indian, Chinese",4.0,600.0
Mathura,Hari Mohan Misthan Bhandar Hathras Wale Since 1978,"Street Food, Mithai",4.0,250.0
Mathura,Hotel Goverdhan Palace And Restaurant,"North Indian, South Indian, Chinese",4.0,250.0
Mathura,Golden Spoon Cafe & Restaurant,"North Indian, Pizza, Momos, Burger, Sandwich, Street Food, Shake, Beverages",4.0,400.0
Mathura,Jai Gurudev Family Restaurant,"North Indian, South Indian, Chinese, Beverages",4.0,400.0
Mathura,Verma Patties And Food,"Fast Food, Street Food",4.0,300.0
Mathura,Verma Patties & Food's,"Street Food, Sandwich, Pizza, Burger, Fast Food, Momos, Shake, Beverages",4.0,450.0
Mathura,The Pizza Point,"Pizza, Burger, Sandwich, Fast Food, Street Food, Shake",4.0,450.0
Mathura,The Food Break,"North Indian, Chinese",4.0,500.0
Mathura,Anna South Indian Masala Dosa,"North Indian, Chinese",4.0,200.0
Mathura,Babylon Restaurant,"North Indian, South Indian, Chinese, Beverages",4.0,1100.0
Mathura,Modern Lounge,"North Indian, Mughlai, Chinese",4.0,550.0
Mathura,Grape & Grill,"North Indian, Mughlai, Chinese",4.0,1000.0
Mathura,Pavelian 85,"North Indian, Chinese, Bar Food, Continental, Beverages",4.0,1200.0
Mathura,Tandoori Zaika,"North Indian, Mughlai, Rolls",4.0,500.0
Mathura,Radha Rani Bhojnalay & Fast Food,"North Indian, Fast Food",4.0,300.0
Mathura,Pahalwan Dhaba And Restaurant,"North Indian, Chinese",4.0,400.0
Mathura,Gorge Burger Centre,"Burger, Fast Food",4.0,200.0
Mathura,Silver Oaks Inn,"North Indian, Chinese",4.0,500.0
Mathura,Vrinda Sarovar,"North Indian, South Indian, Chinese, Salad, Beverages",4.0,1000.0
Mathura,Twist Of Chatkara,"North Indian, South Indian, Chinese, Fast Food",4.0,200.0
Mathura,Anna Ka Dukaan,"South Indian, Beverages",4.0,300.0
Mathura,Patties & Tea Corner Mba Wala,"North Indian, Chinese",4.0,100.0
Mathura,Papa Da Pizza,"North Indian, Chinese",4.0,300.0
Mathura,MK Maa Ki Rasoi,"North Indian, Chinese",4.0,300.0
Mathura,American Cafe,"North Indian, Rolls, Pizza, Chinese, Burger, Sandwich, Fast Food, Shake",4.0,500.0
Mathura,Kanchan Chat Palace And Confectioner,"North Indian, Chinese",4.0,150.0
Mathura,Maa Vaishnavi Food,"Chinese, South Indian, North Indian",4.0,350.0
Mathura,Rajput Family Restaurant,"North Indian, Chinese",4.0,350.0
Mathura,Hotel Gulmohar,"North Indian, Chinese, Salad, Fast Food, Beverages",4.0,1000.0
Mathura,Kanha Ki Rasoi,"North Indian, Chinese",4.0,200.0
Mathura,Bhagwan Family Dhaba,"North Indian, Chinese",4.0,350.0
Mathura,Queen's Kitchen @ Mathura,"Fast Food, Chinese, South Indian, Momos",4.0,200.0
Mathura,Miami Cafe,"North Indian, Chinese, Burger, Momos, Pizza, Fast Food, Shake, Beverages",4.0,350.0
Mathura,Neelkanth Vyanjan,"North Indian, Chinese",4.0,250.0
Mathura,Brijwasi Fast Food,"South Indian, Street Food, Fast Food",4.0,150.0
Mathura,Agrawals Restaurant & Banquets,"North Indian, Chinese",4.0,500.0
Mathura,Hotel Radhika Silver & Resturant,"North Indian, Biryani",4.0,200.0
Mathura,Kullad Cafe,"Tea, Shake, Beverages, North Indian, Chinese, Pizza, Fast Food, Street Food",4.0,450.0
Mathura,Baba Da Dhaba,"North Indian, Chinese",4.0,300.0
Mathura,Gobblers Rolls & Bowls,"North Indian, Chinese, Fast Food, Biryani, Rolls, Sandwich, Shake, Beverages",4.0,350.0
Mathura,The Love cafe,"Chinese, Fast Food, Street Food, Sandwich, Burger, Pizza, Momos, Beverages",4.0,200.0
Mathura,Wah Chinese,"North Indian, Chinese",4.0,200.0
Mathura,Da Pizza Hub,"Burger, Pizza, Fast Food, Pasta",4.0,250.0
Mathura,Hot Meal (Meal @50),"North Indian, Chinese",4.0,200.0
Mathura,Pizza Harrison,"Pizza, Burger, Pasta",4.0,450.0
Mathura,The Bridge,"North Indian, Chinese, Fast Food",4.0,500.0
Mathura,Murari Sweets And Namkeen,"Street Food, Mithai",4.0,150.0
Mathura,Chatore Fast Food & Pizza Point,"Street Food, Fast Food, North Indian, Chinese, Beverages, Rolls, Biryani",4.0,300.0
Mathura,Deepak Swadist Chicken And Fish Rasoi,"North Indian, Seafood, Mughlai",4.0,350.0
Mathura,Wow! CBSE The Cafe,"North Indian, Chinese, Momos, Fast Food, Street Food, Shake",4.0,350.0
Mathura,Banjara Hills,"Pizza, Sandwich, Fast Food, Bakery, Street Food",4.0,400.0
Mathura,Bhai Ji Bakers,"North Indian, Chinese",4.0,700.0
Mathura,Swarn Mahal Resturant & Banquet,"North Indian, Chinese",4.0,1000.0
Mathura,Radhey Radhey Mithai Wale,"Mithai, Bakery",4.0,350.0
Mathura,Agrawals Restaurant & Banquet,"North Indian, Chinese",4.0,400.0
Mathura,Indian Falooda Center,"Ice Cream, Shake, Pizza, Pasta, Fast Food",4.0,300.0
Mathura,Khana Khazana Ka Magic,"North Indian, Chinese",4.0,300.0
Mathura,Juicy Restaurant,"North Indian, Chinese",4.0,450.0
Mathura,Ma Ki Thali,"North Indian, Chinese",4.0,300.0
Mathura,The Burger Company,"Burger, Fast Food, Pizza, Momos, Beverages, Sandwich, Waffle, Shake",4.0,400.0
Mathura,Prasadam Restaurant,"North Indian, South Indian",4.0,500.0
Mathura,Saini Dhaba And Tea Stall,"Tea, North Indian, Street Food",4.0,500.0
Mathura,Shri Radhika Sweets,"Mithai, Street Food",4.0,200.0
Mathura,Jeetu Bhai Paranthe Wale,"North Indian, Chinese",4.0,200.0
Mathura,Ajay Hotel,"North Indian, Street Food, Chinese, Desserts",4.0,350.0
Mathura,Hot Cross Bun,"Chinese, Fast Food, Street Food",4.0,300.0
Mathura,Momo King,"North Indian, Chinese",4.0,250.0
Mathura,Momo Lover & Home Bakers,"North Indian, Chinese",4.0,550.0
Mathura,Guru Dev Family Restaurant,"North Indian, Chinese",4.0,300.0
Mathura,Shyam Ji Malai Chaap & Fast Food Center,"North Indian, Fast Food, South Indian, Chinese, Momos",4.0,350.0
Mathura,King & Queen Cafe Restro,"Pizza, Burger, Fast Food, Street Food, Shake, Beverages, Chinese, North Indian",4.0,400.0
Mathura,Hotel Shri Radha Rani Family Restaurent,"North Indian, Biryani, Chinese, Street Food",4.0,300.0
Mathura,Da Panjabi Cafe,"North Indian, Chinese, Wraps, Fast Food, Street Food, Momos, Shake, Beverages",4.0,450.0
Mathura,The Friends Zone Pizza,"Pizza, Fast Food",4.0,300.0
Mathura,Snacks Bar,"Street Food, Fast Food, Pizza, Burger",4.0,300.0
Mathura,Shri Krishan Balram Restaurant,"North Indian, South Indian, Chinese, Street Food",4.0,250.0
Mathura,Champaran Ahuna Family Restuarant,"North Indian, Biryani",4.0,350.0
Mathura,Umang Bhojnalay,"North Indian, Shake",4.0,350.0
Mathura,Burger House,"Burger, Pizza, Sandwich, Fast Food, Chinese, Street Food, Shake, Beverages",4.0,300.0
Mathura,Albaik,"Burger, Fast Food, Biryani",4.0,450.0
Mathura,Braj Food,"Chinese, Street Food",4.0,200.0
Mathura,Radha Rani Family Restaurant,"North Indian, Chinese",4.0,300.0
Mathura,Ayush Fast Food,"Fast Food, Chinese, Street Food",4.0,250.0
Mathura,UP 85 Food Cafe,"Sandwich, Fast Food, Beverages",4.0,300.0
Mathura,Shrijee Kachori Corner,"North Indian, Chinese",4.0,100.0
Mathura,Radha Rani Batata Wada Mumbai Ka Wada Pav Center,"Street Food, Mithai",4.0,100.0
Mathura,Jai Bhole Fast Food Corner,"Fast Food, Chinese, Street Food, Beverages",4.0,100.0
Mathura,Rajwada Restaurant,"North Indian, Fast Food",4.0,100.0
Mathura,Hotel Silver Star,"North Indian, Chinese",4.0,1100.0
Mathura,The Live Pizza,"Pizza, Fast Food, Burger",4.0,300.0
Mathura,Healthy Meal,"Cafe, Shake",4.0,200.0
Mathura,New Punjabi Rasoi Chicken Corner,"North Indian, Rolls, Mughlai, Chinese",4.0,450.0
Mathura,Shree Ji Hotel & Bhojnalaya,"North Indian, Chinese, Fast Food, Street Food, Beverages",4.0,400.0
Mathura,The Aakash Bakers,"Bakery, South Indian, Chinese, Fast Food, Street Food, Desserts, Shake, Beverages",4.0,300.0
Mathura,Shri Khatu Shyam Ji Pizza Point,"Pizza, Italian, Fast Food, Street Food",4.0,300.0
Mathura,Sonu Dhaba,"North Indian, Chinese",4.0,300.0
Mathura,Preeti Bhoj Restaurant And Rooms,"North Indian, Street Food, Beverages",4.0,400.0
Mathura,Flavours Restaurant,"North Indian, South Indian, Chinese, Sandwich, Burger, Pizza, Fast Food, Shake",4.0,1000.0
Mathura,Braj Rasoi,"North Indian, Chinese, Rolls",4.0,300.0
Mathura,Shri Radha Krishna Family Dhaba,"North Indian, Street Food",4.0,400.0
Mathura,Baba Dha Dhaba,"North Indian, Chinese",4.0,300.0
Mathura,Punjab Grill,"North Indian, Chinese",4.0,450.0
Mathura,The Meggi Junction,"Fast Food, Shake",4.0,100.0
Mathura,Pahalwan Kachori Wale,"Street Food, Desserts",4.0,100.0
Mathura,Shree Ji Fast Food Dhaba,"North Indian, Chinese, Fast Food",4.0,350.0
Mathura,Kanahiya Agrawal Family Bhojnalaya,"North Indian, Chinese",4.0,450.0
Mathura,Delhi 06,"Chinese, North Indian, Rolls",4.0,300.0
Mathura,Laziz Food Holic,"Burger, Pizza, Fast Food, Beverages",4.0,200.0
Mathura,7 Flowers Garden Veg Restaurant,"Chinese, North Indian, South Indian, Fast Food",4.0,350.0
Mathura,Shri Shanidev Fast Food,"North Indian, Chinese",4.0,200.0
Mathura,Shri Radha Shyam Fast Food And Tiffin Centre,"North Indian, Chinese",4.0,200.0
Mathura,Maharana Restaurant,"Street Food, North Indian, Beverages",4.0,300.0
Mathura,Yadav Bhojnalaya,"North Indian, Chinese",4.0,300.0
Mathura,Duke's Delight Restaurant Mathura,"North Indian, Chinese, Beverages",4.0,1000.0
Mathura,Agrawal Baker's,"Burger, Pizza, Sandwich, Street Food, Desserts",4.0,200.0
Mathura,Ballentine's Family Restro & Lounge,"North Indian, Chinese, Beverages, Shake",4.0,950.0
Mathura,Brij Chai Wala,"Tea, Pizza, Burger, Momos, Pasta, Wraps, Fast Food, Street Food",4.0,300.0
Mathura,Wow Vada Pav,"Street Food, Burger, Sandwich, Wraps",4.0,200.0
Mathura,Yug Kulfi Corner,"Ice Cream, Desserts",4.0,200.0
Mathura,K G F Restaurent,"North Indian, Chinese",4.0,300.0
Mathura,Dosa Mart,"South Indian, Chinese, Fast Food",4.0,150.0
Mathura,Ballentine's Restro & Lounge,"North Indian, Chinese, Fast Food, Beverages",4.0,1000.0
Mathura,Pahalvan Dhaba And Chicklet Chicken Corner,"North Indian, Chinese",4.0,500.0
Mathura,Shri Radha Madhav Bhojnalaya,"North Indian, Salad, Desserts, Beverages",4.0,350.0
Mathura,Upadhyay Ji Dhaba,"North Indian, Chinese",4.0,300.0
Mathura,4Pm By Shriji's,"North Indian, South Indian, Chinese, Rolls, Wraps, Fast Food, Momos, Beverages",4.0,450.0
Mathura,Cafe Love Bite,"Burger, Sandwich, Street Food, Salad, Wraps, Healthy Food, Beverages, Shake",4.0,400.0
Mathura,Love Wings,"Chinese, North Indian, Shake",4.0,400.0
Mathura,B Tech Pani Puri And Snacks,"North Indian, Chinese",4.0,150.0
Mathura,Vishnu Kachori Wala,"North Indian, Chinese",4.0,100.0
Mathura,Shankar Fast Food & Services,"Chinese, Burger, Sandwich, Rolls, Pizza, Street Food",4.0,300.0
Mathura,Jain Restaurant,"North Indian, South Indian",4.0,300.0
Mathura,Upbake,"Fast Food, Pizza, Burger, Sandwich, Street Food",4.0,300.0
Mathura,Al Baik.com,"Burger, Fast Food",4.0,350.0
Mathura,Shri Radha Rani Family Restaurant,"North Indian, Chinese, Biryani, Kebab, Street Food, Beverages",4.0,450.0
Mathura,Pizza Delight Cafe,"Pizza, Fast Food, Beverages",4.0,300.0
Mathura,Yaduvanshi Family Restaurant,"North Indian, Chinese, Street Food, Beverages",4.0,300.0
Mathura,Ebay Pizza,"Fast Food, Pizza",4.0,500.0
Mathura,Dayal Das Foods,"North Indian, Street Food",4.0,150.0
Mathura,The Tandoori Dhaba,"North Indian, Chinese",4.0,200.0
Mathura,Urban 85 Cafe & Restro,"Pizza, Fast Food, Chinese, Momos, Shake, Beverages",4.0,300.0
Mathura,The Club House,"Pizza, Burger, Sandwich, Fast Food, Street Food, Momos, Desserts, Beverages",4.0,200.0
Agra,The Salt Cafe Kitchen & Bar,"North Indian, Chinese",4.9,974.3459915611814
Agra,Unplugged Courtyard,"North Indian, Chinese",4.3,974.3459915611814
Agra,Spiced Brew,"North Indian, Chinese",4.5,974.3459915611814
Agra,Punjabi By Nature,"North Indian, Chinese",4.2,974.3459915611814
Agra,Molecule Air Bar,"North Indian, Chinese",4.5,974.3459915611814
Agra,Palm Burj,"North Indian, Chinese",4.5,974.3459915611814
Agra,Hichkee,"North Indian, Chinese",4.2,974.3459915611814
Agra,Beep,"North Indian, Chinese",4.2,974.3459915611814
Agra,My Bar Headquarters,"North Indian, Chinese",4.4,974.3459915611814
Bangalore,Atlantis,"North Indian, Asian",4.1,2500.0
Bangalore,Jamavar - The Leela Palace,"North Indian, South Indian",4.3,5000.0
Bangalore,Sozo Skyline,"Asian, Chinese, Thai, Sushi",4.1,1800.0
Bangalore,Skygarden Bar & Kitchen,"Asian, Bar Food",4.4,1500.0
Bangalore,Muro,"Thai, Cantonese, Salad, Desserts",4.2,2800.0
Bangalore,Feast - Sheraton Grand Bangalore Hotel at Brigade Gateway,"North Indian, Continental, Fast Food, Asian, Beverages",4.3,3500.0
Bangalore,Smoor,"Desserts, Bakery, Cafe, Beverages, Ice Cream, Asian, Pasta",4.4,1000.0
Bangalore,Maddy's Resto Pub,"North Indian, Continental, Mughlai, Bar Food",4.1,1000.0
Bangalore,Botany Brew and Kitchen,"North Indian, Chinese, Sushi, Continental, Asian, Thai",4.2,2700.0
Bangalore,Pangeo,"Sushi, Continental, Mediterranean, Pizza, Pasta, North Indian, Desserts, Asian",4.3,3500.0
Bangalore,Glass – Kitchen & Bar,"Modern Indian, North Indian, Continental, Biryani, Bar Food, Seafood, Desserts, Beverages",4.5,2800.0
Bangalore,Kling Brewery,"Continental, European, Asian, Chinese, North Indian, South Indian, Seafood",4.3,1500.0
Bangalore,High Ultra Lounge - Sheraton Grand Bangalore Hotel,"North Indian, Continental, Finger Food, Desserts",4.0,3600.0
Bangalore,The Black Pearl,"Continental, Salad, North Indian, Seafood, Fast Food, Street Food, Desserts",4.2,1500.0
Bangalore,Flo,"Asian, North Indian, Continental, Finger Food, Sushi, Desserts, Beverages, Thai",4.2,3000.0
Bangalore,Ironhill Kanakapura road,"North Indian, Pizza, Fast Food",4.5,1500.0
Bangalore,Nusa,"North Indian, Asian, Continental, European, South Indian, Indonesian, Bar Food, Finger Food",4.3,1500.0
Bangalore,Maya,"Asian, North Indian, Continental, Pizza, Pasta, Beverages, Juices",4.4,1500.0
Bangalore,Ironhill Bengaluru,"North Indian, Continental, Asian, Pizza, Fast Food, Biryani, Beverages, Desserts",4.5,2000.0
Bangalore,Jamming Goat 3.0,"South Indian, Asian, Thai, Continental, North Indian",4.4,1500.0
Bangalore,Oia,"Continental, Asian, Seafood, Salad, Pizza, North Indian, Desserts",4.2,2500.0
Bangalore,Cocobolo,"Bar Food, North Indian, Continental, Italian, Chinese, BBQ, Desserts, Beverages",4.3,1000.0
Bangalore,BLR Brewing Co.,"Continental, North Indian, Asian, Chinese, Pizza",4.4,1600.0
Bangalore,Babylonia - Global Food & Cocktails,"Continental, North Indian, Asian, Italian, Mughlai, Mediterranean, Bar Food, Desserts",4.3,1500.0
Bangalore,Magic Mocktails Cafe,"Beverages, Pizza, Burger, Sandwich, Fast Food, Chinese, Street Food, Shake",3.9,200.0
Bangalore,Vanamo,"Cafe, Continental, Coffee, International",4.0,2000.0
Bangalore,Stories Bar & Kitchen,"Bar Food, Chinese, North Indian, Italian, Pizza, Seafood, Desserts",4.3,1400.0
Bangalore,SkyDeck By Sherlock's,"Continental, Chinese, Finger Food, North Indian, Fast Food, Beverages, Desserts",4.1,1800.0
Bangalore,Roxie,"Continental, Asian, North Indian, European, American, Italian, Pizza, Beverages",4.6,2600.0
Bangalore,Mykos Craft Kitchen & Bar,"Continental, Italian, Chinese, Mediterranean, North Indian, South American, Sushi",4.3,1500.0
Bangalore,Shift Lounge & Bar,"Continental, Bar Food, North Indian, Alcoholic Beverages, Chinese, Mughlai, Desserts, Beverages",4.3,1200.0
Bangalore,Secret Story,"Continental, Asian, North Indian, Fast Food, Desserts, Beverages, Vietnamese, Italian",3.9,1500.0
Bangalore,Byg Brewski Brewing Company,"Continental, Asian, Pasta, Pizza, Burger, Fast Food, Desserts",4.4,1500.0
Bangalore,Rox,"Continental, North Indian, Italian",4.2,1000.0
Bangalore,Macaw By Stories,"South Indian, North Indian, Chinese, Pasta, Pizza, Fast Food, Salad, Desserts",4.4,1800.0
Bangalore,Citrus - The Leela Palace,"North Indian, Continental, Asian, Desserts",4.0,4700.0
Bangalore,The Reservoire,"North Indian, Biryani, Asian, Italian, Continental, Bar Food, Desserts, Beverages",4.4,1600.0
Bangalore,Kopitiam Lah,"Malaysian, Asian, Beverages, Desserts, Continental",3.6,2000.0
Bangalore,Brooks And Bonds Brewery,"Continental, American, North Indian, Italian, Pasta, Beverages, Desserts, Pizza",4.1,1600.0
Bangalore,Minsk,"Continental, Asian, North Indian, South Indian, Bar Food, European",4.2,1400.0
Bangalore,Biergarten,"Continental, European, BBQ, Chinese, Asian, Beverages",4.6,2500.0
Bangalore,Nazaara - Courtyard By Marriott,"North Indian, Mughlai, Biryani",4.2,3000.0
Bangalore,Helen's Place,"European, Asian, Modern Indian, Italian, Portuguese, Pizza, Chinese, North Indian",4.0,1500.0
Bangalore,Jollygunj,"North Indian, Bar Food, Alcoholic Beverages, Biryani, Kebab, Finger Food, Desserts, Street Food",4.0,1000.0
Bangalore,The Scene - Craft Kitchen & Bar,"North Indian, Continental, Asian, Desserts, Beverages",4.3,1500.0
Bangalore,Gilly's Super Bar,"Continental, North Indian, Asian, Pizza, Oriental, Italian, Bar Food",4.2,1500.0
Bangalore,Mannheim Craft Brewery,"North Indian, Asian, American, Desserts, BBQ",4.5,1800.0
Bangalore,Magique,"Asian, Modern Indian, Continental, Italian, North Indian, Sushi, Desserts, Beverages",4.0,1700.0
Bangalore,Daddy,"Continental, North Indian, Asian, Italian, Chinese, European, Bar Food, Beverages",4.4,1700.0
Bangalore,ICB Indian Craft Brewery,"North Indian, Asian, Continental, American, Chinese",4.5,2000.0
Bangalore,The Bier Library,"North Indian, Pizza, European, American, Bar Food, Oriental, Desserts, BBQ",4.5,1800.0
Bangalore,Hard Rock Cafe,"American, Continental, Italian, Wraps, Burger, Desserts, Fast Food, Beverages",4.6,2500.0
Bangalore,Red Rhino,"Continental, North Indian, Asian, Oriental, Mediterranean, Mangalorean, Beverages, Desserts",4.5,1700.0
Bangalore,Idylll - Indian Plates & Cocktails,"North Indian, Modern Indian, South Indian, Seafood, Kebab, Alcoholic Beverages, Healthy Food, Desserts",4.5,1800.0
Bangalore,Orah Brew Garden,"Asian, Continental, Desserts, European, Modern Indian",4.4,1500.0
Bangalore,Horizon,"Chinese, Japanese, Asian, Salad, Thai, Desserts, Beverages",4.4,3000.0
Bangalore,Oyster Bar & Kitchen,"North Indian, Chinese, Continental, Beverages, Bar Food, Desserts, Asian, Pizza",4.5,1600.0
Bangalore,"Stories 2.0, HSR","North Indian, Continental, Asian, American, Bar Food",4.4,1000.0
Bangalore,Los Cavos,"Peruvian, Desserts, Alcoholic Beverages, Beverages",4.3,2000.0
Bangalore,Escape by Brewklyn - Brewery & Kitchen,"Continental, Asian, North Indian, Pizza, Burger",4.3,1800.0
Bangalore,Big Pitcher,"North Indian, Continental, Mughlai, Chinese, Italian, Biryani, Desserts, Beverages",4.4,1800.0
Bangalore,Boho,"Continental, Asian, American, Mexican, Beverages, Desserts, Korean, Italian",4.1,550.0
Bangalore,Fenny's Lounge And Kitchen,"Mediterranean, Continental, Italian, Desserts, Beverages",4.5,1900.0
Bangalore,Barbecue By Punjab Grill,"BBQ, Mughlai, North Indian, Salad, Desserts",4.2,1600.0
Bangalore,Be Luru - Craft Kitchen & Bar,"South Indian, Seafood, Kebab",4.4,1000.0
Bangalore,Indigo XP,"North Indian, Continental, Chinese, Italian, Oriental, Thai, Biryani",4.1,2000.0
Bangalore,Fox In The Field,"Modern Indian, Continental, North Indian, Pizza, American, Italian, Desserts, Beverages",4.3,1500.0
Bangalore,Punjab Grill,"North Indian, Kebab, Biryani, Mughlai",4.4,2000.0
Bangalore,Bier Loft Brewing Co,"Continental, Asian, North Indian, South Indian, Pizza, Desserts",4.3,1000.0
Bangalore,Smoke House Deli,"Continental, Italian, BBQ, Fast Food, Ice Cream, Salad, Desserts, Beverages",4.5,1800.0
Bangalore,Sarjapur SOCIAL,"North Indian, Chinese, Biryani, Pasta, Burger, Pizza, Korean, Beverages",4.3,1500.0
Bangalore,Copitas - Four Seasons Hotel,"Bar Food, Continental, Beverages",4.5,3000.0
Bangalore,153 Biere Street,"Asian, Continental, North Indian, Malaysian, Italian, Desserts",4.2,1600.0
Bangalore,Oney Brewhouse,"American, Continental, Italian, South Indian, North Indian, Asian, Chinese",4.0,1500.0
Bangalore,Mirage,"Asian, Chinese, Thai, Beverages, Desserts",4.1,3000.0
Bangalore,The Lazy Turtle,"North Indian, Chinese, Seafood, Fast Food, Pizza, Bar Food, Desserts",4.1,1000.0
Bangalore,Hoot Cafe & Brewery Sarjapura,"Continental, Italian, North Indian, Beverages",4.2,2000.0
Bangalore,Don't Tell Mama,"North Indian, Continental, Chinese, Italian, Oriental, Thai, Biryani",4.1,2000.0
Bangalore,One8 Commune,"North Indian, Chinese, Pasta, Sushi, Continental, Desserts, Beverages",4.0,3000.0
Bangalore,Gilly's Restobar,"North Indian, European, Bar Food, Italian, Fast Food, Desserts, Beverages",4.2,1500.0
Bangalore,"Torye Drink, Dine & Dance","North Indian, Chinese",3.9,2000.0
Bangalore,By Chance,"Italian, Continental",4.2,2000.0
Bangalore,Tipsy Bull Brewhouse & Kitchen,"North Indian, Continental, Chinese, Asian, European, Desserts, Beverages",4.1,1500.0
Bangalore,Ganbeii,"Kerala, North Indian, Pasta, Continental, Pizza, Burger, Desserts, Alcoholic Beverages",4.5,1000.0
Bangalore,Vapour Brewpub And Diner,"North Indian, Continental, Italian, European, Biryani, Salad, Desserts, Beverages",4.3,2200.0
Bangalore,HOD - House Of Dopamine,"Continental, Chinese, Asian, Alcoholic Beverages, North Indian, South Indian, Pizza, Bar Food",4.0,1200.0
Bangalore,Toit,"Italian, American, European, Continental, Desserts",4.9,2500.0
Bangalore,Skyroot by TOF,"Continental, Asian, North Indian, Desserts, Bar Food, International",4.1,1500.0
Bangalore,ShakesBierre,"Finger Food, North Indian, Continental, Italian, Desserts, Beverages",4.4,1800.0
Bangalore,Sly Granny,"Italian, European, Bar Food, Salad, Burger, Sandwich, Desserts, Beverages",4.3,2500.0
Bangalore,Bastian Garden City,"Asian, Chinese, Seafood",3.4,4000.0
Bangalore,Stories Brewery & Kitchen,"North Indian, Continental, Chinese, Finger Food, Beverages, Desserts",4.4,1600.0
Bangalore,The Soda Factory,"North Indian, Chinese, Pasta, Pizza, Fast Food, Biryani, Desserts, Beverages",4.3,1100.0
Bangalore,Pinxx - Royal Orchid Central,"Continental, North Indian, Chinese, Sandwich, Asian, Desserts, Beverages",4.1,1900.0
Bangalore,Just BLR,"North Indian, Chinese, Biryani, Beverages",4.4,2500.0
Bangalore,Jook Taproom,"North Indian, South Indian, Chinese, Pizza, Fast Food, Biryani, Asian, Bar Food",4.4,1600.0
Bangalore,Nook - Aloft Bengaluru Cessna Business Park,"North Indian, Continental, Asian, Fast Food, South Indian, Desserts, Waffle",4.0,1200.0
Bangalore,Gulp Cocktails And Kitchen,"Continental, South Indian, Kebab, Mangalorean, Biryani, North Indian, Chinese, Desserts",4.2,1500.0
Bangalore,Mangroove Taproom and Kitchen,"Chinese, Asian, Italian, Pizza, North Indian, Bar Food, Continental, Beverages",4.4,2500.0
Bangalore,Bramble,"Continental, Asian, North Indian, Italian, Bar Food, Beverages",4.4,1800.0
Bangalore,Hashtag 88,"Asian, Chinese, Salad, North Indian, Fast Food, Biryani, Desserts",4.3,2000.0
Bangalore,The Pizza Bakery,"Pizza, Italian, Pasta, Salad, Desserts, Continental",4.3,1500.0
Bangalore,Bob's Bar,"Bar Food, Finger Food, Beverages, Sandwich, Desserts",4.2,1000.0
Bangalore,The Fixx,"North Indian, Continental, Chinese, Seafood, Pasta, Pizza, Biryani, Beverages",4.0,1800.0
Bangalore,The Yard,"Asian, North Indian, Continental, Pizza, Italian, Desserts, Beverages",4.2,1000.0
Bangalore,Little Italy,"Italian, Pizza, Pasta, Continental, Desserts, Healthy Food, Beverages",4.0,1700.0
Bangalore,The Soda Factory,"Continental, Chinese, Thai",4.0,1000.0
Bangalore,Omega IX Cocktail Bar And Global Kitchen,"North Indian, Continental, Asian, Sushi, Italian, Desserts, Beverages",4.2,1800.0
Bangalore,No Limmits Lounge And Club,"Chinese, Continental, North Indian, Fast Food, Pizza, Beverages, Kebab, Desserts",4.0,2500.0
Bangalore,Terrace By House Of Commons,"Modern Indian, Continental, Asian, Chinese, North Indian, Seafood, Bar Food, Beverages",4.5,2000.0
Bangalore,LUPA,"Mediterranean, European, Italian, Salad, Desserts, Beverages",3.6,5000.0
Bangalore,XOOX Brewmill,"North Indian, Continental, American, Italian, Asian, Modern Indian, Pizza, Desserts",4.3,2000.0
Bangalore,KOKO,"Asian, Sushi, Desserts, Chinese, Beverages",4.6,3500.0
Bangalore,Taiki,"Sushi, Korean, Japanese, Salad, Asian, Desserts, Beverages",4.0,1700.0
Bangalore,Hydra Club & Kitchen,"Continental, Biryani, North Indian, South Indian, Japanese, Chinese",4.2,1200.0
Bangalore,Kappa Chakka Kandhari,"Kerala, South Indian, Desserts, Beverages",4.4,1800.0
Bangalore,Fire Station,"Finger Food, North Indian, Continental, Italian, Chinese, Beverages, Desserts",4.2,1700.0
Bangalore,Peepai,"North Indian, Pizza, Chinese, European, Bar Food, Biryani, Desserts, Beverages",4.5,2500.0
Bangalore,PizzaExpress,"Pizza, Italian, Salad, Bakery, Coffee, Beverages, Pasta, Cafe",4.4,1400.0
Bangalore,Jeff's Cantina,"Bar Food, Italian",4.1,2400.0
Bangalore,Kaavu,"Asian, European, Modern Indian, Cafe, Desserts, Bakery, Italian, Continental",4.1,1500.0
Bangalore,Levels Pub & Kitchen,"Asian, South Indian, North Indian",4.5,1700.0
Bangalore,Chin Lung Resto Bar - Koramangla,"Bar Food, Chinese, North Indian",4.1,1400.0
Bangalore,Float Brewery,"Bar Food, Continental, Italian, Asian, North Indian, Desserts, Pizza, Beverages",4.4,2000.0
Bangalore,Hitchki,"North Indian, Chinese, Continental, Biryani, Finger Food, Bar Food, Desserts, Beverages",4.3,2000.0
Bangalore,La Gioia,"Pizza, Italian, Pasta",4.0,1600.0
Bangalore,Hungry Hippie,"North Indian, Italian, Continental, Mexican, Pizza, Fast Food, Desserts, Beverages",4.1,1200.0
Bangalore,1131 Bar + Kitchen By House Of Commons,"Finger Food, North Indian, Continental, Chinese, Italian, Asian, Desserts, Beverages",4.5,2000.0
Bangalore,Sidewalk Bar & Kitchen,"North Indian, Continental, Chinese, Fast Food, Beverages",4.3,1800.0
Bangalore,Jugni Kitchen & Bar,"North Indian, Modern Indian, Bar Food, Seafood, South Indian, Desserts, Beverages",4.4,2000.0
Bangalore,Communiti,"American, Continental, European, Italian, Oriental, Burger, Beverages",4.5,1200.0
Bangalore,Jolly Johnny's Bar,"North Indian, Continental, Chinese, Biryani, Pizza, Fast Food, Desserts, Beverages",4.5,1000.0
Bangalore,Skyro,"North Indian, Asian, Chinese, Continental, Seafood",3.9,1500.0
Bangalore,House Of Commons,"Bar Food, Fast Food, North Indian, Continental, Seafood, Italian, Chinese, Desserts",4.5,1200.0
Bangalore,Badmaash,"North Indian, South Indian, Mughlai, Kebab, Chinese, Biryani, Desserts",4.2,1800.0
Bangalore,21st Amendment Gastrobar,"North Indian, Pasta, Chinese, Bar Food, Continental, Beverages, Pizza, South Indian",4.3,1400.0
Bangalore,Bricks Bar & Kitchen,"Indian, Chinese, Beverages",4.5,1000.0
Bangalore,Barrys Sky Lounge,"Chinese, North Indian, Oriental, Mughlai, Biryani",4.1,1000.0
Bangalore,Chili's American Grill & Bar,"Burger, Mexican, American, Tex-Mex, Fast Food, Desserts, Beverages",4.3,2000.0
Bangalore,Bunny Bar,"North Indian, Continental, Asian, Bar Food",4.4,1000.0
Bangalore,Watson's,"North Indian, Continental, Italian, European, Asian, Beverages, Desserts",4.4,1600.0
Bangalore,Geometry Brewery & Kitchen,"Chinese, North Indian, Italian, Continental, Pizza, Desserts, Beverages, Bar Food",4.3,1800.0
Bangalore,Skyye,"Continental, Asian, Thai, Seafood, Italian, Beverages, Desserts",4.0,2200.0
Bangalore,Candles Brewhouse,"Italian, Continental, American, Pizza, North Indian",4.2,2500.0
Bangalore,Nando's- Flame Grilled PERi- PERi Chicken,"Burger, Healthy Food, Portuguese, Desserts",4.4,1500.0
Bangalore,Ambedo Kitchen|Taproom,"Continental, Asian, North Indian, Italian, Pizza, Sushi",4.7,1500.0
Bangalore,Plan B,"American, Continental, Burger, Pizza, Tex-Mex, Finger Food",4.0,1600.0
Bangalore,Jewel Sizzle,"Mughlai, North Indian, Biryani",4.1,1000.0
Bangalore,La Milano Pizzeria,"Pizza, Pasta, Italian, American, Mexican, Fast Food, Desserts, Beverages",4.1,400.0
Bangalore,You Mee,"Asian, Sushi, Japanese, Chinese, Desserts, Beverages",4.3,2000.0
Bangalore,The Peak,"Continental, Mangalorean",4.3,1000.0
Bangalore,Geometry Gastropub,"Continental, North Indian, Chinese, Mughlai, Biryani, Desserts, Beverages",4.4,1600.0
Bangalore,Maize & Malt,"Continental, Asian, South Indian, North Indian, Salad, Momos, Desserts",4.3,2000.0
Bangalore,TBC- Sky Lounge,"Continental, Italian, Asian, North Indian, South Indian, Biryani, Desserts, Beverages",4.5,1500.0
Bangalore,Tipsy Bull - The Bar Exchange,"Finger Food, North Indian, Continental, Italian, Fast Food, Desserts",4.3,1200.0
Bangalore,K-OS TheGameBar,"Continental, Italian, North Indian, Finger Food, Asian, Fast Food",4.3,1700.0
Bangalore,La Casa Brewery And Kitchen,"Continental, North Indian, Mughlai, Chinese, Finger Food, Steak, Desserts, Beverages",4.3,2000.0
Bangalore,AEIOU,"Continental, Pizza",4.0,1000.0
Bangalore,Quattro - The Leela Bhartiya City Bengaluru,"North Indian, Mediterranean, European",4.4,3500.0
Bangalore,Shift Lounge & Bar,"Finger Food, Continental, North Indian, Salad, Seafood, Mughlai, Alcoholic Beverages, Beverages",4.1,1000.0
Bangalore,Paradise Biryani - A Legend Since 1953,"Biryani, Kebab, North Indian, Rolls, Chinese, Desserts",4.1,1100.0
Bangalore,Catch Up,"Chinese, North Indian, Continental, Biryani, Fast Food, Desserts",4.2,1200.0
Bangalore,Just BLR Arena,"Continental, North Indian, Italian, Beverages",4.3,1800.0
Bangalore,Chowman,"Chinese, Asian, Thai, Seafood, Sichuan, Desserts, Beverages",4.5,1400.0
Bangalore,The Druid Garden,"Asian, Pizza, Italian, Chinese, Mangalorean, Steak, Desserts",4.2,1800.0
Bangalore,"The Studs Sports Bar - All Day Café, Taproom & Kitchen","North Indian, Bar Food, Italian, Continental, Biryani, Pizza, Chinese, Alcoholic Beverages",4.1,1200.0
Bangalore,The Creek - The Den Bengaluru,"North Indian, South Indian, Asian, Pizza, Desserts",4.1,3000.0
Bangalore,Bamey's Restro Cafe,"Asian, Nepalese, Momos",4.2,950.0
Bangalore,Tim Hortons,"Cafe, Coffee, Beverages, Desserts, Sandwich, Fast Food",4.2,800.0
Bangalore,Liquids Bar & Kitchen,"Bar Food, Asian, North Indian, Pizza, Continental",4.2,1500.0
Bangalore,The Bangalore Cafe,"North Indian, Italian, Continental, Biryani, Chinese, Desserts",4.2,950.0
Bangalore,BANOFFEE,"Continental, Mexican, European, Beverages, Desserts",4.1,1000.0
Bangalore,District 6 Pub Brewery & Kitchen,"North Indian, Pizza, Italian, Bar Food, Continental, Asian, Desserts",4.4,2500.0
Bangalore,Bira 91 Taproom,"Continental, Fast Food, Bar Food, North Indian, Italian, Beverages",4.1,2500.0
Bangalore,California Burrito,"Mexican, American, Continental, Healthy Food, Beverages, Fast Food",4.0,450.0
Bangalore,Pasta Street,"Italian, Pasta, Pizza, Continental, Salad, Healthy Food, Desserts, Beverages",4.6,1800.0
Bangalore,Uru Brewpark,"Continental, North Indian, Italian, Chinese, Asian, Pizza, Lebanese, Beverages",4.3,2200.0
Bangalore,Aromas Of Biryani,"Biryani, North Indian, South Indian, Hyderabadi",3.9,1000.0
Bangalore,Windmills,"Continental, North Indian, Mughlai, Kebab, Desserts",4.8,3500.0
Bangalore,Chavadi Native Kitchen Community Cafe,"North Indian, South Indian, Seafood, Desserts, Beverages",4.3,1200.0
Bangalore,Neo Kitchen - Hilton Embassy Manyata Business Park,"Asian, Continental, Italian, South Indian, North Indian, Biryani, Desserts, Beverages",4.1,3100.0
Bangalore,Harley's Fine Baking,"Bakery, Sandwich, Desserts",4.3,600.0
Bangalore,Feast - Sheraton Grand Bengaluru Whitefield Hotel & Convention Centre,"Continental, South Indian, North Indian, Desserts, Beverages",4.3,3500.0
Bangalore,Barista Coffee,"Cafe, Coffee, Tea, Desserts",4.1,600.0
Bangalore,1522 - The Pub,"Bar Food, North Indian, Chinese, Mughlai, Salad, Continental, South Indian, BBQ",3.9,1800.0
Bangalore,Long Boat Brewing Co.,"Asian, Chinese, North Indian, Pizza, South Indian, Continental",4.3,2000.0
Bangalore,Good Flippin' Burgers,"Burger, American",3.8,650.0
Bangalore,Dali & Gala,"South Indian, Asian, Burmese, Chinese, Continental",3.9,2000.0
Bangalore,Bombay Adda,"Continental, North Indian, Asian, Pizza, Fast Food, Kebab, Desserts, Beverages",4.2,2000.0
Bangalore,Truffles,"Burger, Italian, Desserts, Continental, American, Fast Food, Beverages",4.7,1100.0
Bangalore,Hangover Brewery,"Continental, North Indian, Chinese, Finger Food, Burger, Pizza, Desserts",4.0,2000.0
Bangalore,Brik Oven,"Pizza, Italian, Beverages, Desserts, Shake",4.5,1200.0
Bangalore,We: Neighborhood,"European, American, North Indian, Burger, Pizza, Desserts, Beverages",4.5,1000.0
Bangalore,Toca Brigade & Terrace,"South Indian, North Indian, Continental, Chinese, Seafood, Pasta",4.2,1100.0
Bangalore,Imperial Restaurant - Since 1954,"North Indian, Mughlai, Chinese, Biryani, Seafood, Desserts, Shake, Beverages",4.0,1000.0
Bangalore,Malgudi Mylari Mane,"South Indian, Biryani",4.6,1000.0
Bangalore,Original Burger Co.,"Burger, Fast Food, Desserts",4.1,600.0
Bangalore,The Golden Circle Brewery,"North Indian, Asian, Italian, Continental, Beverages, Desserts",4.3,1500.0
Bangalore,Easy Tiger,"Finger Food, Continental",4.1,1700.0
Bangalore,DNC - Dash and Coop,"Sandwich, Street Food, Burger, Continental, American, Fast Food, Cafe, Finger Food",3.6,500.0
Bangalore,Techila,"North Indian, Burger, Biryani, Pizza, Chinese, Mexican, Fast Food, Rolls",4.3,1200.0
Bangalore,The Watering Hole,"Continental, North Indian, European, Asian, Desserts, Beverages",4.1,1400.0
Bangalore,Drunken Daddy,"North Indian, Continental, Fast Food, Oriental, Finger Food, Biryani, Beverages",4.3,1400.0
Bangalore,Kongsi Tea Bar,"Bubble Tea, Tea, Beverages, Shake",3.6,350.0
Bangalore,Raahi Neo Kitchen and Bar,"North Indian, Pasta, Pizza, Desserts, Beverages",3.8,2000.0
Bangalore,Wild Pour,"Continental, North Indian, Asian",4.0,1000.0
Bangalore,Brahma Brews,"Asian, North Indian, South Indian",4.6,2500.0
Bangalore,The Coffee Brewery,"Cafe, Coffee, Sandwich, Mexican, Healthy Food, Fast Food, Desserts, Shake",4.2,750.0
Bangalore,The Palms Brew & Kitchen,"Modern Indian, North Indian",4.0,1600.0
Bangalore,M Cafe - Bengaluru Marriott Hotel Whitefield,"North Indian, Continental, Italian, Thai",4.0,3800.0
Bangalore,Meghana Foods,"Biryani, Andhra, North Indian, Seafood",4.2,1000.0
Bangalore,Flyover Drinkery,"Oriental, Italian, Continental, Mangalorean, Thai, North Indian, South Indian",4.4,1500.0
Bangalore,Bg'S Poolside Bar & Grill - Courtyard By Marriott,"Mediterranean, Italian, Mexican, Fast Food, Desserts",4.0,2000.0
Bangalore,Monsoon - The Park Bangalore,"Italian, North Indian, Continental, Asian, Seafood, Desserts",3.9,3500.0
Bangalore,Dhwani,"Bar Food, North Indian, Fast Food, South Indian, Asian, Momos",4.5,1000.0
Bangalore,Onesta,"Pizza, Sandwich, Pasta, Fast Food, Desserts, Beverages",4.0,700.0
Bangalore,Soka,"Bar Food, Continental",4.7,1000.0
Bangalore,Phurr,"North Indian, Continental, Beverages",4.5,2000.0
Bangalore,Olive Beach,"Italian, Pizza, Mediterranean, Continental, European, Beverages, Desserts",4.4,3500.0
Bangalore,Dot.yum - Aloft Hotel,"Continental, Oriental, North Indian, Desserts, Beverages",3.7,2500.0
Bangalore,Drava,"Continental, Fast Food, North Indian, Asian, Beverages",4.1,1800.0
Bangalore,Restaurant Chef Pillai,"North Indian, Chinese",4.3,1000.0
Bangalore,The Biere Club,"Bar Food, Continental, Italian, Burger, Salad, Mediterranean, Pizza, Alcoholic Beverages",4.2,2600.0
Bangalore,Empire Restaurant - Since 1966,"North Indian, Biryani, Kebab, South Indian, Mughlai, Chinese, Seafood, Shawarma",4.0,950.0
Bangalore,Yaara Da Dhaba (Pure Veg),"North Indian, Chinese, Healthy Food, Street Food, Beverages, Desserts",4.0,500.0
Bangalore,The 13th Floor,"North Indian, Asian, Kebab, Chinese, Salad, Beverages, Desserts",4.3,2500.0
Bangalore,Punjabi Swag,"North Indian, Mughlai, Biryani, Chinese, Asian, Desserts",3.8,1200.0
Bangalore,Dishkeyaun,"Modern Indian, Biryani, Desserts, North Indian",4.2,2000.0
Bangalore,BaroO BLR,"North Indian, Chinese",4.2,1000.0
Bangalore,Cubbon Pavilion - ITC Gardenia,"European, Continental, Chinese, Thai, South Indian, North Indian, Beverages",4.2,3000.0
Bangalore,Indian Biere House,"Continental, Mediterranean, North Indian, Asian, Bar Food, Italian, Desserts, Beverages",4.5,2500.0
Bangalore,Night Owl Sky Lounge,"North Indian, Asian, Modern Indian, Finger Food, Oriental, Desserts, Beverages",4.2,1900.0
Bangalore,Alienkind,"North Indian, Chinese",4.0,200.0
Bangalore,Espressoulster Coffee,"Cafe, Coffee, Fast Food",4.8,660.0
Bangalore,Memories Resto Bar,"North Indian, Mughlai, Biryani, Chinese, Pizza, Pasta, Salad, Beverages",3.9,650.0
Bangalore,23rd Street Pizza,"Pizza, American",4.2,2000.0
Bangalore,Lux Pub And Kitchen,"Asian, Chinese, Pizza, Pasta, Fast Food, Alcoholic Beverages, Bar Food",4.0,1500.0
Bangalore,Blotto Bar and Kitchen,"Mangalorean, Seafood, Continental, North Indian",4.4,2000.0
Bangalore,Citrus Cafe - Lemon Tree Hotel,"South Indian, North Indian, Continental, Fast Food, Chinese, Oriental, Desserts, Beverages",3.7,2500.0
Bangalore,Lumara Bar & Kitchen,"Bar Food, North Indian, Chinese, Asian, Continental, Biryani, Sushi, Desserts",4.2,2000.0
Bangalore,Blurred,"North Indian, South Indian, Continental, Chinese",4.0,1000.0
Bangalore,Sharief Bhai Biryani,"Biryani, North Indian, Mughlai, Chinese, Kebab, Rolls, Desserts, Beverages",4.0,1000.0
Bangalore,The Local,"Pizza, Continental, Burger, Seafood, Kerala, Finger Food, Beverages",4.4,1600.0
Bangalore,Kebapci,"Kebab, Mandi, Turkish",3.9,1400.0
Bangalore,Magnolia Bakery,"Bakery, Desserts",3.9,700.0
Bangalore,The Big Barbeque,"North Indian, Chinese, Fast Food, Salad, Ice Cream, Desserts",4.2,1600.0
Bangalore,Marbella Multicuisine Rooftop,"Continental, North Indian, Asian, Beverages",3.9,1200.0
Bangalore,Mezera Brewery & Kitchen,"North Indian, Chinese",4.2,1600.0
Bangalore,Nandhana Palace,"Biryani, Andhra, North Indian, Chinese, Desserts, Ice Cream, Beverages",4.0,1000.0
Bangalore,Klava,"Bakery, Desserts, Coffee, Shake",3.5,800.0
Bangalore,The Coffee Brewery,"Cafe, Coffee, Sandwich, Fast Food, Desserts, Tea, Beverages",3.6,800.0
Bangalore,Boche Club,"Bar Food, North Indian, Continental, Pasta, Fast Food, Chinese, Salad, Desserts",4.0,2000.0
Bangalore,Burger Seigneur,"Burger, American, Continental, Fast Food, Desserts, Coffee, Cafe, Beverages",3.8,1100.0
Bangalore,The Chocolate Room,"Desserts, North Indian, Chinese, Pizza, Fast Food, Ice Cream, Coffee, Shake",3.7,550.0
Bangalore,Imperio Restaurant,"Biryani, South Indian, Kebab, North Indian, Chinese, Desserts, Beverages, Shawarma",4.0,1000.0
Bangalore,Bar Spirit Forward,"Continental, Asian, Beverages",4.2,2600.0
Bangalore,Backstreet Brewery,"Italian, Bar Food, Pizza, North Indian, Asian, Desserts, Beverages",4.4,1800.0
Bangalore,Prime Golf - Brewing & Golfing,"Modern Indian, Beverages, Momos",4.3,2000.0
Bangalore,Nahdi Mandi,"North Indian, Chinese",4.1,500.0
Bangalore,Chai Point,"Tea, Coffee, Beverages, Shake, Fast Food, Rolls, Desserts, Cafe",3.8,550.0
Bangalore,24@43 - The Oterra,"North Indian, Asian, Continental, Fast Food, Biryani, Desserts",4.1,3700.0
Bangalore,Murphy's Brewhouse - The Paul Bangalore,"Continental, Mexican, Italian, Fast Food, North Indian, Irish, Desserts, Beverages",4.3,2000.0
Bangalore,GOPIZZA,"Pizza, Fast Food, Beverages",3.9,500.0
Bangalore,Lotus Pavilion - ITC Gardenia,"Continental, North Indian, Beverages, Desserts, Pasta",4.0,3500.0
Bangalore,Miso Sexy,"Japanese, Chinese, Sushi, Beverages",4.5,1800.0
Bangalore,Huber & Holly,"Ice Cream, Desserts, Bakery, Pizza, Sandwich, Fast Food, Shake, Beverages",4.2,450.0
Bangalore,Pizza 4P's,"Pizza, Pasta",4.5,1000.0
Bangalore,Whimsy Whisky House,"Bar Food, South Indian, North Indian, Chinese, Asian, Continental, Italian, Salad",4.4,2100.0
Bangalore,The Red Box,"Chinese, Momos, Oriental",3.9,500.0
Bangalore,Hoppipola,"Continental, Italian, Chinese, North Indian, Pizza, Beverages",4.0,2000.0
Bangalore,Gatsby,"Finger Food, Healthy Food, North Indian, Asian, Sushi, Chinese, South Indian, Pizza",4.4,2500.0
Bangalore,Somras bar and kitchen,"North Indian, South Indian, Chinese, Continental, Seafood, Pizza, Beverages",4.2,1000.0
Bangalore,Siren Cocktail Bar,"Continental, Mexican",3.9,2000.0
Bangalore,Sathya's,"North Indian, Chinese, Beverages",4.1,1400.0
Bangalore,Pizza Hut,"Pizza, Italian, Pasta, Fast Food, Desserts, Beverages",3.7,600.0
Bangalore,High Brew,"Bar Food, Beverages",4.2,1800.0
Bangalore,Graffiti by HOC,"Continental, Chinese, Modern Indian, Beverages",4.3,1000.0
Bangalore,Street 1522,"North Indian, Asian, Seafood, Continental, Mughlai, Kebab, Street Food, Beverages",4.3,2200.0
Bangalore,Monaco Ice Cream,"Ice Cream, Desserts, Shake, Beverages",3.6,300.0
Bangalore,Chinese Wok,"Momos, Chinese",3.9,700.0
Bangalore,Kari Theory - Namma Bar & Kitchen,"South Indian, North Indian, Street Food, Biryani, Continental, Asian, Italian, Bar Food",4.0,3500.0
Bangalore,Tall Oaks,"Asian, Continental, North Indian, Chinese, Seafood, Mexican, Bar Food, South Indian",4.3,1200.0
Bangalore,Roto Rooftop Taproom,"Continental, North Indian, Asian",4.0,1200.0
Bangalore,The Rameshwaram Cafe,"South Indian, Beverages",4.1,200.0
Bangalore,The Drawing Room By Smoke House Deli,"Continental, Italian, Beverages",4.6,3000.0
Bangalore,Burger King,"Burger, Fast Food, Desserts, Beverages",3.8,400.0
Bangalore,HSR High Street,"Chinese, Oriental, North Indian, Mughlai, Biryani, Seafood, Desserts",3.9,1000.0
Bangalore,Biggies Burger,"Burger, American, Fast Food, Wraps, Beverages, Shake",3.6,350.0
Bangalore,Barkaas Indo Arabic Restaurant,"Arabian, North Indian, Biryani, Mandi, Desserts",4.1,1000.0
Bangalore,Aarzoo The Perfect Dessert Shop,"Desserts, Shake, Juices",4.1,400.0
Bangalore,Antera Kitchen And Bar,"South Indian, North Indian, Biryani, Chinese, Desserts",4.4,1200.0
Bangalore,Tiamo - Conrad Bengaluru,"Italian, Mediterranean, Fast Food",4.3,3000.0
Bangalore,Roti Kulcha aur Naan,"North Indian, Chinese",3.5,500.0
Bangalore,Chin Lung Brewery,"Bar Food, Beverages",4.2,1000.0
Bangalore,Gabru Di Chaap,"North Indian, Momos, Fast Food, Wraps, Beverages",3.8,500.0
Bangalore,Raata Multicuisine Restaurant,"South Indian, Arabian",4.1,300.0
Bangalore,The Pump House,"Continental, Chinese, North Indian, Italian, Asian, Salad, Pizza, Desserts",4.6,1600.0
Bangalore,Beijing Bites,"Chinese, Seafood, Thai, Rolls, Momos, Malaysian",4.0,1000.0
Bangalore,Go Wild- Cafe Bar and Kitchen,"North Indian, Chinese",3.8,1200.0
Bangalore,Hangover Taproom,"North Indian, Continental, Asian, Fast Food",4.0,1600.0
Bangalore,Monkey Bar,"Continental, North Indian, Beverages",3.9,2000.0
Bangalore,"Frozen Bottle - Milkshakes, Desserts And Ice Cream","Shake, Beverages, Desserts, Ice Cream, Waffle, Healthy Food",3.9,350.0
Bangalore,Babai Tiffins,"South Indian, Andhra, Street Food",4.1,300.0
Bangalore,Chime - Sheraton Grand Bengaluru Whitefield Hotel & Convention Centre,"Finger Food, Shake",4.4,3000.0
Bangalore,Absolute Shawarma,"Shawarma, Fast Food, Burger, Pizza, Wraps, Momos, Waffle, Shake",3.9,300.0
Bangalore,The Black Pearl,"BBQ, North Indian, Biryani",4.2,2100.0
Bangalore,Third Wave Coffee,"Cafe, Coffee, Sandwich, Pizza, Fast Food, Tea, Beverages",4.0,700.0
Bangalore,Roastea,"Coffee, Beverages, Italian, European",4.4,600.0
Bangalore,Entropy,"Pizza, Pasta, Italian, Desserts, Beverages",3.9,1000.0
Bangalore,Olio - The Wood Fired Pizzeria,"Pizza, Italian",3.1,1000.0
Bangalore,LIT Gastro Pub,"Continental, North Indian, Chinese, Italian, Bar Food, Beverages",4.1,1800.0
Bangalore,Soho,"Salad, Chinese, Kebab, Pizza, Fast Food, Biryani, Desserts, Beverages",4.0,1900.0
Bangalore,The Café Stories,"Chinese, Italian, Fast Food, Momos, Shake, Coffee, Beverages",4.1,300.0
Bangalore,Nysa Sky Bar,"South Indian, Chinese, Pizza",4.4,1500.0
Bangalore,Toscano,"Italian, Pizza, Pasta, Continental, Seafood, Steak, Beverages",4.6,1800.0
Bangalore,Taste Of India,"Biryani, Rolls, North Indian",3.7,550.0
Bangalore,PI - Lounge Bar,"Pizza, North Indian, Fast Food",3.8,1000.0
Bangalore,Kacchi Dum Original Biryani,"Biryani, North Indian, Hyderabadi",3.3,1000.0
Bangalore,AMMA'S BIRIYANI,"Biryani, Beverages, Desserts",4.0,600.0
Bangalore,Glassy 2.0,"Bar Food, North Indian, Biryani, Beverages",3.9,1700.0
Bangalore,The Fisherman's Wharf,"North Indian, Chinese, Seafood, Goan, Finger Food, Continental, Desserts, Beverages",4.1,1900.0
Bangalore,Mystic Verdaance,"North Indian, Chinese, South Indian",4.0,1050.0
Bangalore,7 Plates,"North Indian, Mughlai, Arabian, Chinese, Seafood",3.0,850.0
Bangalore,Nido Craft Kitchen & Bar,"Bar Food, North Indian, Seafood, Chinese, South Indian, Continental, Italian, Desserts",4.4,1200.0
Bangalore,JW Kitchen - JW Marriott Bengaluru,"North Indian, Continental, Mughlai, Beverages, Desserts, Asian",4.4,5000.0
Bangalore,Soul Indian Specialty - Svenska Design Hotel,"North Indian, Kebab, Mughlai, Desserts",3.6,2500.0
Bangalore,Bubbles & Co.,"Waffle, Bubble Tea, Shake, Beverages",4.0,550.0
Bangalore,Kottayam The Restaurant,"Kerala, Seafood, South Indian, Biryani, Chinese",3.4,500.0
Bangalore,Nandhini Deluxe,"Andhra, Biryani, North Indian, Chinese",3.8,1200.0
Bangalore,Sashay-Taproom Kitchen,"Asian, Modern Indian, Continental, Sushi, North Indian, Chinese, Desserts, Beverages",4.7,2000.0
Bangalore,BLR Chakna Bar,"Bar Food, South Indian, North Indian, Mughlai, Biryani, Chinese",4.0,1000.0
Bangalore,Hype - Shangri-La Hotel,"Finger Food, Beverages, Desserts",4.6,3500.0
Bangalore,Ambur Star Briyani Since 1890,"Biryani, South Indian, Chinese, Chettinad, North Indian, Sichuan",3.9,900.0
Bangalore,Hornbill’s Kitchen,"South Indian, Naga, Beverages",3.8,1000.0
Bangalore,Glen's Bakehouse,"Bakery, Cafe, Italian, Continental, Fast Food, Beverages, Desserts",3.6,1000.0
Bangalore,Dhaba - Estd 1986 Delhi,"North Indian, Mughlai, Desserts, Paan",4.3,1200.0
Bangalore,Nammuru Mangaluru,"Mangalorean, Seafood, Biryani",4.1,950.0
Bangalore,Nothing Before Coffee,"Cafe, Coffee, Tea, Shake, Fast Food, Beverages",4.0,300.0
Bangalore,Big Barrel BrewPub,"Chinese, Salad, North Indian, Oriental, Mexican, Italian, Continental, Beverages",4.3,2000.0
Bangalore,Brew Meister,"North Indian, Chinese, Fast Food, Mughlai, Pizza, Seafood, Desserts, Beverages",4.0,2000.0
Bangalore,Karama Restaurant,"Kashmiri, Mughlai, Arabian, BBQ, Seafood, Biryani, North Indian, Desserts",4.0,1200.0
Bangalore,Al Daaz,"North Indian, Chinese, Mughlai, BBQ, Seafood, Fast Food, Biryani, Beverages",3.9,600.0
Mumbai,BAĞLAMI,"North Indian, Chinese",3.8,974.3459915611814
Mumbai,Lyla,"North Indian, Chinese",4.0,974.3459915611814
Mumbai,Amazonia,"North Indian, Chinese",4.1,974.3459915611814
Mumbai,Bandra Born,"North Indian, Chinese",4.7,974.3459915611814
Mumbai,Global Fusion,"North Indian, Chinese",4.1,974.3459915611814
Mumbai,Tanatan,"North Indian, Chinese",4.6,974.3459915611814
Mumbai,Millo,"North Indian, Chinese",4.4,974.3459915611814
Mumbai,SAZ American Brasserie,"North Indian, Chinese",4.5,974.3459915611814
Mumbai,Not Just Tamasha,"North Indian, Chinese",4.4,974.3459915611814
